Column1,Unnamed: 0,player_nationality,player_name,club_name,year,position,club_involved_name,fee,transfer_movement,transfer_period,fee_cleaned,Min,Manager_name,nationality,match,count,win_percentage,average_points,practical,expected,practical_periods,expected_periods
38,38,England,dale stephens,Burnley FC,2020,Central Midfield,Brighton,£990Th.,in,Summer,0.99,2530,Sean Dyche,England,yes,1,39.00%,1.42,0.68,0.252571463,1,0.4255
39,39,Netherlands,erik pieters,Burnley FC,2019,Left-Back,Stoke City,£990Th.,in,Summer,0.99,1878,Sean Dyche,England,no,1,39.00%,1.42,0.68,0.252571463,0.666666667,0.337732143
40,40,England,danny drinkwater,Burnley FC,2019,Central Midfield,Chelsea,Loan,in,Summer,0,58,Sean Dyche,England,yes,1,39.00%,1.42,0.68,0.252571463,0.666666667,0.337732143
41,41,England,danny drinkwater,Burnley FC,2019,Central Midfield,Chelsea,Loan,in,Summer,0,259,Sean Dyche,England,yes,1,39.00%,1.42,0.68,0.252571463,0.666666667,0.337732143
42,42,England,jay rodriguez,Burnley FC,2019,Centre-Forward,West Brom,£5.00m,in,Summer,5,2016,Sean Dyche,England,yes,1,39.00%,1.42,0.68,0.252571463,0.666666667,0.337732143
43,43,England,josh brownhill,Burnley FC,2019,Central Midfield,Bristol City,£9.00m,in,Winter,9,805,Sean Dyche,England,yes,1,39.00%,1.42,0.68,0.252571463,1,0.287
44,44,Czech Republic,matej vydra,Burnley FC,2018,Centre-Forward,Derby,£10.98m,in,Summer,10.98,318,Sean Dyche,England,no,1,29.00%,1.05,0.68,0.252571463,0.666666667,0.161870635
45,45,England,ben gibson,Burnley FC,2018,Centre-Back,Middlesbrough,£15.21m,in,Summer,15.21,62,Sean Dyche,England,yes,1,29.00%,1.05,0.68,0.252571463,0.666666667,0.161870635
46,46,England,joe hart,Burnley FC,2018,Goalkeeper,Man City,£3.51m,in,Summer,3.51,1710,Sean Dyche,England,yes,1,29.00%,1.05,0.68,0.252571463,0.666666667,0.161870635
47,47,England,peter crouch,Burnley FC,2018,Centre-Forward,Stoke City,Free transfer,in,Winter,0,92,Sean Dyche,England,yes,1,29.00%,1.05,0.68,0.252571463,1,0.157
48,48,France,\georges kevin nkoudou,Burnley FC,2017,Left Winger,Spurs,Loan,in,Winter,0,1,Sean Dyche,England,no,1,37.00%,1.42,0.68,0.252571463,0.5,0.21
49,49,Ireland,jonathan walters,Burnley FC,2017,Right Winger,Stoke City,£2.07m,in,Summer,2.07,39,Sean Dyche,England,no,1,37.00%,1.42,0.68,0.252571463,0.333333333,0.229339269
50,50,Bermuda,nahki wells,Burnley FC,2017,Centre-Forward,Huddersfield,£4.86m,in,Summer,4.86,55,Sean Dyche,England,no,1,37.00%,1.42,0.68,0.252571463,0.333333333,0.229339269
51,51,Scottland,phil bardsley,Burnley FC,2017,Right-Back,Stoke City,£756Th.,in,Summer,0.756,1125,Sean Dyche,England,no,1,37.00%,1.42,0.68,0.252571463,0.333333333,0.229339269
52,52,New Zealand,chris wood,Burnley FC,2017,Centre-Forward,Leeds,£14.76m,in,Summer,14.76,1624,Sean Dyche,England,no,1,37.00%,1.42,0.68,0.252571463,0.333333333,0.229339269
53,53,England,aaron lennon,Burnley FC,2017,Right Winger,Everton,£1.53m,in,Winter,1.53,1118,Sean Dyche,England,yes,1,37.00%,1.42,0.68,0.252571463,0.5,0.21
54,54,England,charlie taylor,Burnley FC,2017,Left-Back,Leeds,Free transfer,in,Summer,0,950,Sean Dyche,England,yes,1,37.00%,1.42,0.68,0.252571463,0.333333333,0.229339269
55,55,England,jack cork,Burnley FC,2017,Defensive Midfield,Swansea,£8.19m,in,Summer,8.19,3420,Sean Dyche,England,yes,1,37.00%,1.42,0.68,0.252571463,0.333333333,0.229339269
56,56,Ireland,robbie brady,Burnley FC,2016,Left Midfield,Norwich,£13.59m,in,Winter,13.59,719,Sean Dyche,England,no,1,29.00%,1.05,0.68,0.252571463,0.666666667,0.204138889
57,57,Iceland,johann berg gudmundsson,Burnley FC,2016,Right Winger,Charlton,£2.70m,in,Summer,2.7,998,Sean Dyche,England,no,1,29.00%,1.05,0.68,0.252571463,0.4,0.122914286
58,58,Belgium,steven defour,Burnley FC,2016,Central Midfield,RSC Anderlecht,£7.74m,in,Summer,7.74,1068,Sean Dyche,England,no,1,29.00%,1.05,0.68,0.252571463,0.4,0.122914286
59,59,Ireland,jeff hendrick,Burnley FC,2016,Central Midfield,Derby,£10.62m,in,Summer,10.62,2692,Sean Dyche,England,no,1,29.00%,1.05,0.68,0.252571463,0.4,0.122914286
60,60,England,ashley westwood,Burnley FC,2016,Defensive Midfield,Aston Villa,£5.22m,in,Winter,5.22,551,Sean Dyche,England,yes,1,29.00%,1.05,0.68,0.252571463,0.666666667,0.204138889
61,61,England,joey barton,Burnley FC,2016,Central Midfield,Without Club,-,in,Winter,0,1105,Sean Dyche,England,yes,1,29.00%,1.05,0.68,0.252571463,0.666666667,0.204138889
62,62,England,jon flanagan,Burnley FC,2016,Right-Back,Liverpool,Loan,in,Summer,0,360,Sean Dyche,England,yes,1,29.00%,1.05,0.68,0.252571463,0.4,0.122914286
63,63,England,patrick bamford,Burnley FC,2016,Centre-Forward,Chelsea,Loan,in,Summer,0,287,Sean Dyche,England,yes,1,29.00%,1.05,0.68,0.252571463,0.4,0.122914286
64,64,Scottland,george boyd,Burnley FC,2014,Left Winger,Hull City,£3.42m,in,Summer,3.42,10,Sean Dyche,England,no,1,18.00%,0.87,0.68,0.252571463,0.7,0.339790873
65,65,Norway,fredrik ulvestad,Burnley FC,2014,Central Midfield,Without Club,-,in,Winter,0,67,Sean Dyche,England,no,1,18.00%,0.87,0.68,0.252571463,0.5,0.303
66,66,Ireland,steven reid,Burnley FC,2014,Right-Back,West Brom,Free transfer,in,Summer,0,109,Sean Dyche,England,no,1,18.00%,0.87,0.68,0.252571463,0.7,0.339790873
67,67,Ireland,stephen ward,Burnley FC,2014,Left-Back,Wolves,£567Th.,in,Summer,0.567,624,Sean Dyche,England,no,1,18.00%,0.87,0.68,0.252571463,0.7,0.339790873
68,68,Scottland,george boyd,Burnley FC,2014,Left Winger,Hull City,£3.42m,in,Summer,3.42,3005,Sean Dyche,England,no,1,18.00%,0.87,0.68,0.252571463,0.7,0.339790873
69,69,England,lukas jutkiewicz,Burnley FC,2014,Centre-Forward,Middlesbrough,£2.79m,in,Summer,2.79,981,Sean Dyche,England,yes,1,18.00%,0.87,0.68,0.252571463,0.7,0.339790873
70,70,England,marvin sordell,Burnley FC,2014,Centre-Forward,Bolton,£567Th.,in,Summer,0.567,289,Sean Dyche,England,yes,1,18.00%,0.87,0.68,0.252571463,0.7,0.339790873
71,71,England,matt grimes,Burnley FC,2014,Goalkeeper,Blackpool,Free transfer,in,Summer,0,44,Sean Dyche,England,yes,1,18.00%,0.87,0.68,0.252571463,0.7,0.339790873
72,72,England,matthew taylor,Burnley FC,2014,Left Midfield,West Ham,Free transfer,in,Summer,0,565,Sean Dyche,England,yes,1,18.00%,0.87,0.68,0.252571463,0.7,0.339790873
73,73,England,michael keane,Burnley FC,2014,Centre-Back,Man Utd,Loan,in,Summer,0,1598,Sean Dyche,England,yes,1,18.00%,0.87,0.68,0.252571463,0.7,0.339790873
74,74,England,michael keane,Burnley FC,2014,Centre-Back,Man Utd,Loan,in,Summer,0,47,Sean Dyche,England,yes,1,18.00%,0.87,0.68,0.252571463,0.7,0.339790873
75,75,England,michael keane,Burnley FC,2014,Centre-Back,Man Utd,£2.30m,in,Winter,2.3,1598,Sean Dyche,England,yes,1,18.00%,0.87,0.68,0.252571463,0.5,0.303
76,76,England,michael keane,Burnley FC,2014,Centre-Back,Man Utd,£2.30m,in,Winter,2.3,47,Sean Dyche,England,yes,1,18.00%,0.87,0.68,0.252571463,0.5,0.303
77,77,England,michael kightly,Burnley FC,2014,Left Winger,Stoke City,£1.71m,in,Summer,1.71,948,Sean Dyche,England,yes,1,18.00%,0.87,0.68,0.252571463,0.7,0.339790873
78,78,England,nathaniel chalobah,Burnley FC,2014,Defensive Midfield,Chelsea,Loan,in,Summer,0,69,Sean Dyche,England,yes,1,18.00%,0.87,0.68,0.252571463,0.7,0.339790873
650,650,Italy,patrick cutrone,Wolverhampton Wanderers,2019,Centre-Forward,AC Milan,£19.80m,in,Summer,19.8,297,nuno espirito santos,Portugal,no,1,39.00%,1.55,0.65,0.086917889,0.5,0.063504396
651,651,Belgium,leander dendoncker,Wolverhampton Wanderers,2019,Defensive Midfield,RSC Anderlecht,£12.42m,in,Summer,12.42,2795,nuno espirito santos,Portugal,no,1,39.00%,1.55,0.65,0.086917889,0.5,0.063504396
652,652,Mexico,raul jimenez,Wolverhampton Wanderers,2019,Centre-Forward,Benfica,£34.20m,in,Summer,34.2,3236,nuno espirito santos,Portugal,no,1,39.00%,1.55,0.65,0.086917889,0.5,0.063504396
653,653,Portugal,jesus vallejo,Wolverhampton Wanderers,2019,Centre-Back,Real Madrid,Loan,in,Summer,0,163,nuno espirito santos,Portugal,yes,1,39.00%,1.55,0.65,0.086917889,0.5,0.063504396
654,654,Portugal,bruno jordao,Wolverhampton Wanderers,2019,Central Midfield,Lazio,£8.01m,in,Summer,8.01,7,nuno espirito santos,Portugal,yes,1,39.00%,1.55,0.65,0.086917889,0.5,0.063504396
655,655,Portugal,daniel podence,Wolverhampton Wanderers,2019,Left Winger,Olympiacos,£17.64m,in,Winter,17.64,289,nuno espirito santos,Portugal,yes,1,39.00%,1.55,0.65,0.086917889,1,0.102
656,656,Portugal,pedro neto,Wolverhampton Wanderers,2019,Left Winger,Lazio,£16.11m,in,Summer,16.11,939,nuno espirito santos,Portugal,yes,1,39.00%,1.55,0.65,0.086917889,0.5,0.063504396
657,657,England,max kilman,Wolverhampton Wanderers,2018,Centre-Back,Maidenhead Utd.,?,in,Summer,,1,nuno espirito santos,Portugal,no,1,42.00%,1.5,0.65,0.086917889,0.454545455,0.095249271
658,658,Brazil,leo bonatini,Wolverhampton Wanderers,2018,Centre-Forward,Hilal,£3.60m,in,Summer,3.6,135,nuno espirito santos,Portugal,no,1,42.00%,1.5,0.65,0.086917889,0.454545455,0.095249271
659,659,Spain,adama traore,Wolverhampton Wanderers,2018,Right Winger,Middlesbrough,£18.00m,in,Summer,18,902,nuno espirito santos,Portugal,no,1,42.00%,1.5,0.65,0.086917889,0.454545455,0.095249271
660,660,Belgium,leander dendoncker,Wolverhampton Wanderers,2018,Defensive Midfield,RSC Anderlecht,Loan fee:£1.35m,in,Summer,1.35,1467,nuno espirito santos,Portugal,no,1,42.00%,1.5,0.65,0.086917889,0.454545455,0.095249271
661,661,Mexico,raul jimenez,Wolverhampton Wanderers,2018,Centre-Forward,Benfica,Loan fee:£2.70m,in,Summer,2.7,3111,nuno espirito santos,Portugal,no,1,42.00%,1.5,0.65,0.086917889,0.454545455,0.095249271
662,662,Ivory Coast,willy boly,Wolverhampton Wanderers,2018,Centre-Back,FC Porto,£10.80m,in,Summer,10.8,3167,nuno espirito santos,Portugal,no,1,42.00%,1.5,0.65,0.086917889,0.454545455,0.095249271
663,663,Portugal,jonny castro,Wolverhampton Wanderers,2018,Left-Back,Atlético Madrid,Loan,in,Summer,0,2771,nuno espirito santos,Portugal,yes,1,42.00%,1.5,0.65,0.086917889,0.454545455,0.095249271
664,664,Portugal,diogo jota,Wolverhampton Wanderers,2018,Left Winger,Atlético Madrid,£12.60m,in,Summer,12.6,2355,nuno espirito santos,Portugal,yes,1,42.00%,1.5,0.65,0.086917889,0.454545455,0.095249271
665,665,Portugal,joao moutinho,Wolverhampton Wanderers,2018,Central Midfield,Monaco,£5.04m,in,Summer,5.04,3032,nuno espirito santos,Portugal,yes,1,42.00%,1.5,0.65,0.086917889,0.454545455,0.095249271
666,666,Portugal,ruben vinagre,Wolverhampton Wanderers,2018,Left-Back,Monaco,£2.03m,in,Summer,2.03,710,nuno espirito santos,Portugal,yes,1,42.00%,1.5,0.65,0.086917889,0.454545455,0.095249271
667,667,Portugal,rui patricio,Wolverhampton Wanderers,2018,Goalkeeper,Sporting CP,£16.20m,in,Summer,16.2,3329,nuno espirito santos,Portugal,yes,1,42.00%,1.5,0.65,0.086917889,0.454545455,0.095249271
1048,1048,France,eliaquim mangala,Everton FC,2017,Centre-Back,Man City,Loan,in,Winter,0,134,Sam Allardyce,England,no,1,38.00%,1.42,0.28,0.264328373,0.333333333,0.217
1049,1049,Netherlands,davy klaassen,Everton FC,2017,Central Midfield,Ajax,£24.30m,in,Summer,24.3,251,Sam Allardyce,England,no,1,38.00%,1.42,0.28,0.264328373,0.428571429,0.224649603
1050,1050,Spain,sandro ramirez,Everton FC,2017,Centre-Forward,Málaga CF,£5.40m,in,Summer,5.4,278,Sam Allardyce,England,no,1,38.00%,1.42,0.28,0.264328373,0.428571429,0.224649603
1051,1051,Croatia,nikola vlasic,Everton FC,2017,Attacking Midfield,Hajduk Split,£9.72m,in,Summer,9.72,576,Sam Allardyce,England,no,1,38.00%,1.42,0.28,0.264328373,0.428571429,0.224649603
1052,1052,Turkey,cenk tosun,Everton FC,2017,Centre-Forward,Besiktas,£20.25m,in,Winter,20.25,986,Sam Allardyce,England,no,1,38.00%,1.42,0.28,0.264328373,0.333333333,0.217
1053,1053,Iceland,gylfi sigurdsson,Everton FC,2017,Attacking Midfield,Swansea,£44.46m,in,Summer,44.46,2259,Sam Allardyce,England,no,1,38.00%,1.42,0.28,0.264328373,0.428571429,0.224649603
1054,1054,England,jordan pickford,Everton FC,2017,Goalkeeper,Sunderland,£25.65m,in,Summer,25.65,3420,Sam Allardyce,England,yes,1,38.00%,1.42,0.28,0.264328373,0.428571429,0.224649603
1055,1055,England,michael keane,Everton FC,2017,Centre-Back,Burnley,£25.65m,in,Summer,25.65,2560,Sam Allardyce,England,yes,1,38.00%,1.42,0.28,0.264328373,0.428571429,0.224649603
1056,1056,England,theo walcott,Everton FC,2017,Right Winger,Arsenal,£20.25m,in,Winter,20.25,69,Sam Allardyce,England,yes,1,38.00%,1.42,0.28,0.264328373,0.333333333,0.217
1057,1057,England,wayne rooney,Everton FC,2017,Attacking Midfield,Man Utd,Free transfer,in,Summer,0,2268,Sam Allardyce,England,yes,1,38.00%,1.42,0.28,0.264328373,0.428571429,0.224649603
1058,1058,Belgium,jonathan benteke,Crystal Palace,2016,Centre-Forward,Zulte Waregem,£90Th.,in,Summer,0.09,7,Sam Allardyce,England,no,1,38.00%,1.24,0.28,0.264328373,0.285714286,0.132690476
1059,1059,France,loic remy,Crystal Palace,2016,Centre-Forward,Chelsea,Loan fee:£900Th.,in,Summer,0.9,134,Sam Allardyce,England,no,1,38.00%,1.24,0.28,0.264328373,0.285714286,0.132690476
1060,1060,Ghana,jeffrey schlupp,Crystal Palace,2016,Left Midfield,Leicester,£12.42m,in,Winter,12.42,141,Sam Allardyce,England,no,1,38.00%,1.24,0.28,0.264328373,0,0.217533333
1061,1061,France,mathieu flamini,Crystal Palace,2016,Defensive Midfield,Without Club,-,in,Summer,0,274,Sam Allardyce,England,no,1,38.00%,1.24,0.28,0.264328373,0.285714286,0.132690476
1062,1062,France,mamadou sakho,Crystal Palace,2016,Centre-Back,Liverpool,Loan fee:£2.07m,in,Winter,2.07,686,Sam Allardyce,England,no,1,38.00%,1.24,0.28,0.264328373,0,0.217533333
1063,1063,Netherlands,patrick van aanholt,Crystal Palace,2016,Left-Back,Sunderland,£9.45m,in,Winter,9.45,714,Sam Allardyce,England,no,1,38.00%,1.24,0.28,0.264328373,0,0.217533333
1064,1064,France,steve mandanda,Crystal Palace,2016,Goalkeeper,Marseille,Free transfer,in,Summer,0,810,Sam Allardyce,England,no,1,38.00%,1.24,0.28,0.264328373,0.285714286,0.132690476
1065,1065,Serbia,luka milivojevic,Crystal Palace,2016,Defensive Midfield,Olympiacos,£13.59m,in,Winter,13.59,1224,Sam Allardyce,England,no,1,38.00%,1.24,0.28,0.264328373,0,0.217533333
1066,1066,Belgium,christian benteke,Crystal Palace,2016,Centre-Forward,Liverpool,£28.08m,in,Summer,28.08,3131,Sam Allardyce,England,no,1,38.00%,1.24,0.28,0.264328373,0.285714286,0.132690476
1067,1067,England,andros townsend,Crystal Palace,2016,Right Winger,Newcastle,£14.04m,in,Summer,14.04,2519,Sam Allardyce,England,yes,1,38.00%,1.24,0.28,0.264328373,0.285714286,0.132690476
1068,1068,England,james tomkins,Crystal Palace,2016,Centre-Back,West Ham,£10.53m,in,Summer,10.53,1974,Sam Allardyce,England,yes,1,38.00%,1.24,0.28,0.264328373,0.285714286,0.132690476
1069,1069,Wales,adam matthews,Sunderland AFC,2015,Right-Back,Celtic,£2.52m,in,Summer,2.52,37,Sam Allardyce,England,no,1,30.00%,1.2,0.28,0.264328373,0.111111111,0.203017857
1070,1070,Senegal,\dame ndoye,Sunderland AFC,2015,Centre-Forward,Trabzonspor,Loan fee:£1.26m,in,Winter,1.26,572,Sam Allardyce,England,no,1,30.00%,1.2,0.28,0.264328373,0,0.2494
1071,1071,Togo,emmanuel adebayor,Sunderland AFC,2015,Right-Back,Without Club,-,in,Winter,0,619,Sam Allardyce,England,no,1,30.00%,1.2,0.28,0.264328373,0,0.2494
1072,1072,Sweden,ola toivonen,Sunderland AFC,2015,Centre-Forward,Stade Rennais,Loan,in,Summer,0,659,Sam Allardyce,England,no,1,30.00%,1.2,0.28,0.264328373,0.111111111,0.203017857
1073,1073,Scottland,steven whittaker,Sunderland AFC,2015,Goalkeeper,Without Club,-,in,Winter,0,661,Sam Allardyce,England,no,1,30.00%,1.2,0.28,0.264328373,0,0.2494
1074,1074,Tunisia,wahbi khazri,Sunderland AFC,2015,Centre-Forward,G. Bordeaux,£10.62m,in,Winter,10.62,1071,Sam Allardyce,England,no,1,30.00%,1.2,0.28,0.264328373,0,0.2494
1075,1075,Germany,jan kirchhoff,Sunderland AFC,2015,Centre-Back,Bayern Munich,£900Th.,in,Winter,0.9,1075,Sam Allardyce,England,no,1,30.00%,1.2,0.28,0.264328373,0,0.2494
1076,1076,Uruguay,sebastian coates,Sunderland AFC,2015,Centre-Back,Liverpool,£2.52m,in,Summer,2.52,1229,Sam Allardyce,England,no,1,30.00%,1.2,0.28,0.264328373,0.111111111,0.203017857
1077,1077,Netherlands,jeremain lens,Sunderland AFC,2015,Right Winger,Dynamo Kyiv,£10.26m,in,Summer,10.26,1294,Sam Allardyce,England,no,1,30.00%,1.2,0.28,0.264328373,0.111111111,0.203017857
1078,1078,Ivory Coast,lamine kone,Sunderland AFC,2015,Centre-Back,FC Lorient,£5.85m,in,Winter,5.85,1314,Sam Allardyce,England,no,1,30.00%,1.2,0.28,0.264328373,0,0.2494
1079,1079,United States,deandre yedlin,Sunderland AFC,2015,Right-Back,Spurs,Loan,in,Summer,0,1811,Sam Allardyce,England,no,1,30.00%,1.2,0.28,0.264328373,0.111111111,0.203017857
1080,1080,Italy,fabio borini,Sunderland AFC,2015,Left Winger,Liverpool,£9.63m,in,Summer,9.63,1891,Sam Allardyce,England,no,1,30.00%,1.2,0.28,0.264328373,0.111111111,0.203017857
1081,1081,France,younes kaboul,Sunderland AFC,2015,Centre-Back,Spurs,£3.87m,in,Summer,3.87,2009,Sam Allardyce,England,no,1,30.00%,1.2,0.28,0.264328373,0.111111111,0.203017857
1082,1082,France,\yann mvila,Sunderland AFC,2015,Defensive Midfield,Rubin Kazan,Loan,in,Summer,0,3186,Sam Allardyce,England,no,1,30.00%,1.2,0.28,0.264328373,0.111111111,0.203017857
1083,1083,England,george honeyman,Sunderland AFC,2015,Attacking Midfield,Sunderland U21,-,in,Summer,0,39,Sam Allardyce,England,yes,1,30.00%,1.2,0.28,0.264328373,0.111111111,0.203017857
1084,1084,Argentina ,mauro zarate,West Ham United,2014,Centre-Forward,Vélez Sarsfield,?,in,Summer,,75,Sam Allardyce,England,no,1,32.00%,1.24,0.28,0.264328373,0.3,0.355137302
1085,1085,Uruguay,diego poyet,West Ham United,2014,Central Midfield,Charlton,?,in,Summer,,91,Sam Allardyce,England,no,1,32.00%,1.24,0.28,0.264328373,0.3,0.355137302
1086,1086,Brazil,nene,West Ham United,2014,Attacking Midfield,Without Club,-,in,Winter,0,135,Sam Allardyce,England,no,1,32.00%,1.24,0.28,0.264328373,0,0.328
1087,1087,Argentina ,mauro zarate,West Ham United,2014,Centre-Forward,Vélez Sarsfield,?,in,Summer,,412,Sam Allardyce,England,no,1,32.00%,1.24,0.28,0.264328373,0.3,0.355137302
1088,1088,France,morgan amalfitano,West Ham United,2014,Right Winger,Marseille,£900Th.,in,Summer,0.9,1184,Sam Allardyce,England,no,1,32.00%,1.24,0.28,0.264328373,0.3,0.355137302
1089,1089,Senegal,diafra sakho,West Ham United,2014,Centre-Forward,FC Metz,£4.50m,in,Summer,4.5,1754,Sam Allardyce,England,no,1,32.00%,1.24,0.28,0.264328373,0.3,0.355137302
1090,1090,Ecuador,enner valencia,West Ham United,2014,Centre-Forward,CF Pachuca,£13.50m,in,Summer,13.5,2101,Sam Allardyce,England,no,1,32.00%,1.24,0.28,0.264328373,0.3,0.355137302
1091,1091,Cameroon,alex song,West Ham United,2014,Defensive Midfield,FC Barcelona,Loan,in,Summer,0,2245,Sam Allardyce,England,no,1,32.00%,1.24,0.28,0.264328373,0.3,0.355137302
1092,1092,Senegal,cheikhou kouyate,West Ham United,2014,Defensive Midfield,RSC Anderlecht,£6.75m,in,Summer,6.75,2657,Sam Allardyce,England,no,1,32.00%,1.24,0.28,0.264328373,0.3,0.355137302
1093,1093,England,aaron cresswell,West Ham United,2014,Left-Back,Ipswich,£4.28m,in,Summer,4.28,3420,Sam Allardyce,England,yes,1,32.00%,1.24,0.28,0.264328373,0.3,0.355137302
1094,1094,England,carl jenkinson,West Ham United,2014,Right-Back,Arsenal,Loan,in,Summer,0,2669,Sam Allardyce,England,yes,1,32.00%,1.24,0.28,0.264328373,0.3,0.355137302
1095,1095,England,elliot lee,West Ham United,2014,Centre-Forward,West Ham U21,-,in,Summer,0,14,Sam Allardyce,England,yes,1,32.00%,1.24,0.28,0.264328373,0.3,0.355137302
1096,1096,Croatia,mladen petric,West Ham United,2013,Centre-Forward,Without Club,-,in,Summer,0,68,Sam Allardyce,England,no,1,29.00%,1.05,0.28,0.264328373,0.5,0.177473016
1097,1097,Italy,marco borriello,West Ham United,2013,Centre-Forward,AS Roma,Loan fee:£630Th.,in,Winter,0.63,90,Sam Allardyce,England,no,1,29.00%,1.05,0.28,0.264328373,0.4,0.165783333
1098,1098,Italy,antonio nocerino,West Ham United,2013,Central Midfield,AC Milan,Loan,in,Winter,0,261,Sam Allardyce,England,no,1,29.00%,1.05,0.28,0.264328373,0.4,0.165783333
1099,1099,Columbia,pablo armero,West Ham United,2013,Left-Back,SSC Napoli,Loan,in,Winter,0,323,Sam Allardyce,England,no,1,29.00%,1.05,0.28,0.264328373,0.4,0.165783333
1100,1100,Romania,razvan rat,West Ham United,2013,Left-Back,Shakhtar D.,Free transfer,in,Summer,0,1134,Sam Allardyce,England,no,1,29.00%,1.05,0.28,0.264328373,0.5,0.177473016
1101,1101,Spain,adrian,West Ham United,2013,Goalkeeper,Real Betis,Free transfer,in,Summer,0,1800,Sam Allardyce,England,no,1,29.00%,1.05,0.28,0.264328373,0.5,0.177473016
1102,1102,England,andy carroll,West Ham United,2013,Centre-Forward,Liverpool,£15.75m,in,Summer,15.75,1091,Sam Allardyce,England,yes,1,29.00%,1.05,0.28,0.264328373,0.5,0.177473016
1103,1103,England,carlton cole,West Ham United,2013,Centre-Forward,Without Club,-,in,Summer,0,859,Sam Allardyce,England,yes,1,29.00%,1.05,0.28,0.264328373,0.5,0.177473016
1104,1104,England,carlton cole,West Ham United,2013,Centre-Forward,Without Club,-,in,Winter,0,859,Sam Allardyce,England,yes,1,29.00%,1.05,0.28,0.264328373,0.4,0.165783333
1105,1105,England,roger johnson,West Ham United,2013,Centre-Back,Wolves,Loan,in,Winter,0,274,Sam Allardyce,England,yes,1,29.00%,1.05,0.28,0.264328373,0.4,0.165783333
1106,1106,England,stewart downing,West Ham United,2013,Left Midfield,Liverpool,£5.22m,in,Summer,5.22,2507,Sam Allardyce,England,yes,1,29.00%,1.05,0.28,0.264328373,0.5,0.177473016
1107,1107,Israel,yossi benayoun,West Ham United,2012,Right Winger,Chelsea,Loan,in,Summer,0,59,Sam Allardyce,England,no,1,32.00%,1.21,0.28,0.264328373,0.222222222,0.240153175
1108,1108,France,alou diarra,West Ham United,2012,Defensive Midfield,Marseille,£2.25m,in,Summer,2.25,141,Sam Allardyce,England,no,1,32.00%,1.21,0.28,0.264328373,0.222222222,0.240153175
1109,1109,Morocco,marouane chamakh,West Ham United,2012,Centre-Forward,Arsenal,Loan,in,Winter,0,151,Sam Allardyce,England,no,1,32.00%,1.21,0.28,0.264328373,0.333333333,0.149333333
1110,1110,Australua,emanuel pogatetz,West Ham United,2012,Centre-Back,VfL Wolfsburg,Loan fee:£270Th.,in,Winter,0.27,153,Sam Allardyce,England,no,1,32.00%,1.21,0.28,0.264328373,0.333333333,0.149333333
1111,1111,Israel,yossi benayoun,West Ham United,2012,Right Winger,Chelsea,Loan,in,Summer,0,315,Sam Allardyce,England,no,1,32.00%,1.21,0.28,0.264328373,0.222222222,0.240153175
1112,1112,Mali,modibo maiga,West Ham United,2012,Centre-Forward,FC Sochaux,£5.40m,in,Summer,5.4,421,Sam Allardyce,England,no,1,32.00%,1.21,0.28,0.264328373,0.222222222,0.240153175
1113,1113,Northern Ireland,george mccartney,West Ham United,2012,Left-Back,Sunderland,Free transfer,in,Summer,0,879,Sam Allardyce,England,no,1,32.00%,1.21,0.28,0.264328373,0.222222222,0.240153175
1114,1114,Wales,james collins,West Ham United,2012,Centre-Back,Aston Villa,£2.88m,in,Summer,2.88,2492,Sam Allardyce,England,no,1,32.00%,1.21,0.28,0.264328373,0.222222222,0.240153175
1115,1115,Senegal,mohamed diame,West Ham United,2012,Central Midfield,Wigan,Free transfer,in,Summer,0,2595,Sam Allardyce,England,no,1,32.00%,1.21,0.28,0.264328373,0.222222222,0.240153175
1116,1116,Finnland,jussi jaaskelainen,West Ham United,2012,Goalkeeper,Bolton,Free transfer,in,Summer,0,3420,Sam Allardyce,England,no,1,32.00%,1.21,0.28,0.264328373,0.222222222,0.240153175
1117,1117,England,andy carroll,West Ham United,2012,Centre-Forward,Liverpool,Loan fee:£1.13m,in,Summer,1.13,20,Sam Allardyce,England,yes,1,32.00%,1.21,0.28,0.264328373,0.222222222,0.240153175
1118,1118,England,andy carroll,West Ham United,2012,Centre-Forward,Liverpool,Loan fee:£1.13m,in,Summer,1.13,1933,Sam Allardyce,England,yes,1,32.00%,1.21,0.28,0.264328373,0.222222222,0.240153175
1119,1119,England,joe cole,West Ham United,2012,Attacking Midfield,Liverpool,Free transfer,in,Winter,0,620,Sam Allardyce,England,yes,1,32.00%,1.21,0.28,0.264328373,0.333333333,0.149333333
1120,1120,England,joe cole,West Ham United,2012,Attacking Midfield,Liverpool,Free transfer,in,Winter,0,172,Sam Allardyce,England,yes,1,32.00%,1.21,0.28,0.264328373,0.333333333,0.149333333
1121,1121,England,matt jarvis,West Ham United,2012,Left Winger,Wolves,£8.55m,in,Summer,8.55,2559,Sam Allardyce,England,yes,1,32.00%,1.21,0.28,0.264328373,0.222222222,0.240153175
1122,1122,,amine linganzi,Blackburn Rovers,2009,Central Midfield,Saint-Étienne,Free transfer,in,Winter,0,45,Sam Allardyce,England,no,1,34.00%,1.31,0.28,0.264328373,0.5,0.2195
1123,1123,Turkey,yildiray basturk,Blackburn Rovers,2009,Attacking Midfield,VfB Stuttgart,Free transfer,in,Winter,0,45,Sam Allardyce,England,no,1,34.00%,1.31,0.28,0.264328373,0.5,0.2195
1124,1124,Canada,junior hoilett,Blackburn Rovers,2009,Left Winger,Blackburn U21,-,in,Summer,0,952,Sam Allardyce,England,no,1,34.00%,1.31,0.28,0.264328373,0,0.271194841
1125,1125,Denmark,lars jacobsen,Blackburn Rovers,2009,Right-Back,Everton,Free transfer,in,Summer,0,1033,Sam Allardyce,England,no,1,34.00%,1.31,0.28,0.264328373,0,0.271194841
1126,1126,Argentina ,franco di santo,Blackburn Rovers,2009,Centre-Forward,Chelsea,Loan,in,Summer,0,1154,Sam Allardyce,England,no,1,34.00%,1.31,0.28,0.264328373,0,0.271194841
1127,1127,Spain,michel salgado,Blackburn Rovers,2009,Right-Back,Real Madrid,Free transfer,in,Summer,0,1434,Sam Allardyce,England,no,1,34.00%,1.31,0.28,0.264328373,0,0.271194841
1128,1128,Croatia,nikola kalinic,Blackburn Rovers,2009,Centre-Forward,Hajduk Split,£6.30m,in,Summer,6.3,1453,Sam Allardyce,England,no,1,34.00%,1.31,0.28,0.264328373,0,0.271194841
1129,1129,France,pascal chimbonda,Blackburn Rovers,2009,Right-Back,Spurs,£1.53m,in,Summer,1.53,1973,Sam Allardyce,England,no,1,34.00%,1.31,0.28,0.264328373,0,0.271194841
1130,1130,France,gael givet,Blackburn Rovers,2009,Centre-Back,Marseille,£3.60m,in,Summer,3.6,2795,Sam Allardyce,England,no,1,34.00%,1.31,0.28,0.264328373,0,0.271194841
1131,1131,France,steven nzonzi,Blackburn Rovers,2009,Defensive Midfield,Amiens SC,£522Th.,in,Summer,0.522,2862,Sam Allardyce,England,no,1,34.00%,1.31,0.28,0.264328373,0,0.271194841
1132,1132,England,phil jones,Blackburn Rovers,2009,Centre-Back,Blackburn U21,-,in,Winter,0,664,Sam Allardyce,England,yes,1,34.00%,1.31,0.28,0.264328373,0.5,0.2195
1133,1133,Chile,carlos villanueva,Blackburn Rovers,2008,Attacking Midfield,Audax Italiano,Loan,in,Summer,0,651,Sam Allardyce,England,no,1,33.00%,1.33,0.28,0.264328373,0.5,0.249853571
1134,1134,France,gael givet,Blackburn Rovers,2008,Centre-Back,Marseille,Loan,in,Winter,0,1110,Sam Allardyce,England,no,1,33.00%,1.33,0.28,0.264328373,0,0.278833333
1135,1135,Senegal,el hadji diouf,Blackburn Rovers,2008,Centre-Forward,Sunderland,£1.98m,in,Winter,1.98,1196,Sam Allardyce,England,no,1,33.00%,1.33,0.28,0.264328373,0,0.278833333
1136,1136,Austria,vince grella,Blackburn Rovers,2008,Central Midfield,Torino,£3.60m,in,Summer,3.6,1224,Sam Allardyce,England,no,1,33.00%,1.33,0.28,0.264328373,0.5,0.249853571
1137,1137,Ireland,keith andrews,Blackburn Rovers,2008,Central Midfield,MK Dons,£837Th.,in,Summer,0.837,2384,Sam Allardyce,England,no,1,33.00%,1.33,0.28,0.264328373,0.5,0.249853571
1138,1138,England,danny simpson,Blackburn Rovers,2008,Right-Back,Man Utd,Loan,in,Summer,0,888,Sam Allardyce,England,yes,1,33.00%,1.33,0.28,0.264328373,0.5,0.249853571
1139,1139,England,paul robinson,Blackburn Rovers,2008,Goalkeeper,Spurs,£3.96m,in,Summer,3.96,3019,Sam Allardyce,England,yes,1,33.00%,1.33,0.28,0.264328373,0.5,0.249853571
1140,1140,England,robbie fowler,Blackburn Rovers,2008,Centre-Forward,Without Club,-,in,Summer,0,116,Sam Allardyce,England,yes,1,33.00%,1.33,0.28,0.264328373,0.5,0.249853571
1141,1141,Senegal,lamine diatta,Newcastle United,2007,Centre-Back,Besiktas,Free transfer,in,Winter,0,10,Sam Allardyce,England,no,1,33.00%,1.24,0.28,0.264328373,0.5,0.173333333
1142,1142,Brazil,cacapa,Newcastle United,2007,Centre-Back,Olympique Lyon,Free transfer,in,Summer,0,1433,Sam Allardyce,England,no,1,33.00%,1.24,0.28,0.264328373,0.25,0.262261905
1143,1143,Czech Republic,david rozehnal,Newcastle United,2007,Centre-Back,Paris SG,£3.87m,in,Summer,3.87,1491,Sam Allardyce,England,no,1,33.00%,1.24,0.28,0.264328373,0.25,0.262261905
1144,1144,Spain,jose enrique,Newcastle United,2007,Left-Back,Villarreal,£7.83m,in,Summer,7.83,1617,Sam Allardyce,England,no,1,33.00%,1.24,0.28,0.264328373,0.25,0.262261905
1145,1145,Austria,mark viduka,Newcastle United,2007,Centre-Forward,Middlesbrough,Free transfer,in,Summer,0,1658,Sam Allardyce,England,no,1,33.00%,1.24,0.28,0.264328373,0.25,0.262261905
1146,1146,Senegal,abdoulaye faye,Newcastle United,2007,Centre-Back,Bolton,£2.52m,in,Summer,2.52,1742,Sam Allardyce,England,no,1,33.00%,1.24,0.28,0.264328373,0.25,0.262261905
1147,1147,Senegal,habib beye,Newcastle United,2007,Right-Back,Marseille,£2.52m,in,Summer,2.52,2472,Sam Allardyce,England,no,1,33.00%,1.24,0.28,0.264328373,0.25,0.262261905
1148,1148,England,alan smith,Newcastle United,2007,Central Midfield,Man Utd,£8.10m,in,Summer,8.1,2396,Sam Allardyce,England,yes,1,33.00%,1.24,0.28,0.264328373,0.25,0.262261905
1149,1149,England,ben foster,Newcastle United,2007,Centre-Back,Swindon Town,£270Th.,in,Winter,0.27,90,Sam Allardyce,England,yes,1,33.00%,1.24,0.28,0.264328373,0.5,0.173333333
1150,1150,England,joey barton,Newcastle United,2007,Central Midfield,Man City,£7.74m,in,Summer,7.74,1831,Sam Allardyce,England,yes,1,33.00%,1.24,0.28,0.264328373,0.25,0.262261905
1151,1151,Slovakia,lubomir michalik,Bolton Wanderers,2006,Centre-Back,FC Senec,£450Th.,in,Winter,0.45,339,Sam Allardyce,England,no,1,44.00%,1.53,0.28,0.264328373,0.5,0.264166667
1152,1152,South Africa,quinton fortune,Bolton Wanderers,2006,Central Midfield,Man Utd,Free transfer,in,Summer,0,423,Sam Allardyce,England,no,1,44.00%,1.53,0.28,0.264328373,0,0.249327381
1153,1153,Israel,idan tal,Bolton Wanderers,2006,Defensive Midfield,Maccabi Haifa,Free transfer,in,Summer,0,515,Sam Allardyce,England,no,1,44.00%,1.53,0.28,0.264328373,0,0.249327381
1154,1154,Iran,andranik teymourian,Bolton Wanderers,2006,Defensive Midfield,FC Aboomoslem,Free transfer,in,Summer,0,819,Sam Allardyce,England,no,1,44.00%,1.53,0.28,0.264328373,0,0.249327381
1155,1155,Germany,dietmar hamann,Bolton Wanderers,2006,Defensive Midfield,Liverpool,Free transfer,in,Summer,0,985,Sam Allardyce,England,no,1,44.00%,1.53,0.28,0.264328373,0,0.249327381
1156,1156,Senegal,abdoulaye faye,Bolton Wanderers,2006,Centre-Back,Lens,£2.70m,in,Summer,2.7,2521,Sam Allardyce,England,no,1,44.00%,1.53,0.28,0.264328373,0,0.249327381
1157,1157,France,nicolas anelka,Bolton Wanderers,2006,Centre-Forward,Fenerbahce,£10.80m,in,Summer,10.8,3016,Sam Allardyce,England,no,1,44.00%,1.53,0.28,0.264328373,0,0.249327381
1158,1158,Ivory Coast,abdoulaye meite,Bolton Wanderers,2006,Centre-Back,Marseille,£1.35m,in,Summer,1.35,3128,Sam Allardyce,England,no,1,44.00%,1.53,0.28,0.264328373,0,0.249327381
1159,1159,England,david thompson,Bolton Wanderers,2006,Right Midfield,Portsmouth,Free transfer,in,Winter,0,728,Sam Allardyce,England,yes,1,44.00%,1.53,0.28,0.264328373,0.5,0.264166667
1160,1160,France,fabrice fernandes,Bolton Wanderers,2005,Left Winger,Southampton,Free transfer,in,Summer,0,15,Sam Allardyce,England,no,1,39.00%,1.47,0.28,0.264328373,0.25,0.300496825
1161,1161,France,martin djetou,Bolton Wanderers,2005,Centre-Back,Without Club,-,in,Summer,0,94,Sam Allardyce,England,no,1,39.00%,1.47,0.28,0.264328373,0.25,0.300496825
1162,1162,Mexico,jared borgetti,Bolton Wanderers,2005,Centre-Forward,CF Pachuca,£1.26m,in,Summer,1.26,543,Sam Allardyce,England,no,1,39.00%,1.47,0.28,0.264328373,0.25,0.300496825
1163,1163,Japan,hidetoshi nakata,Bolton Wanderers,2005,Attacking Midfield,Fiorentina,Loan,in,Summer,0,1279,Sam Allardyce,England,no,1,39.00%,1.47,0.28,0.264328373,0.25,0.300496825
1164,1164,Senegal,el hadji diouf,Bolton Wanderers,2005,Centre-Forward,Liverpool,£4.32m,in,Summer,4.32,1413,Sam Allardyce,England,no,1,39.00%,1.47,0.28,0.264328373,0.25,0.300496825
1165,1165,Senegal,abdoulaye faye,Bolton Wanderers,2005,Centre-Back,Lens,Loan,in,Summer,0,1931,Sam Allardyce,England,no,1,39.00%,1.47,0.28,0.264328373,0.25,0.300496825
1166,1166,England,dan smith,Bolton Wanderers,2005,Left-Back,Chesterfield FC,Free transfer,in,Summer,0,91,Sam Allardyce,England,yes,1,39.00%,1.47,0.28,0.264328373,0.25,0.300496825
1167,1167,England,jimmy walker,Bolton Wanderers,2005,Goalkeeper,Leicester,Free transfer,in,Summer,0,270,Sam Allardyce,England,yes,1,39.00%,1.47,0.28,0.264328373,0.25,0.300496825
1168,1168,England,matt jansen,Bolton Wanderers,2005,Centre-Forward,Blackburn,Free transfer,in,Winter,0,371,Sam Allardyce,England,yes,1,39.00%,1.47,0.28,0.264328373,1,0.3435
1169,1169,Nigeria,blessing kaku,Bolton Wanderers,2004,Attacking Midfield,FC Ashdod,Free transfer,in,Summer,0,25,Sam Allardyce,England,no,1,42.00%,1.53,0.28,0.264328373,0.2,0.277614683
1170,1170,Senegal,khalilou fadiga,Bolton Wanderers,2004,Left Winger,Without Club,-,in,Winter,0,120,Sam Allardyce,England,no,1,42.00%,1.53,0.28,0.264328373,0,0.285916667
1171,1171,Brazil,julio cesar,Bolton Wanderers,2004,Centre-Back,Real Valladolid,Free transfer,in,Summer,0,361,Sam Allardyce,England,no,1,42.00%,1.53,0.28,0.264328373,0.2,0.277614683
1172,1172,France,vincent candela,Bolton Wanderers,2004,Left-Back,AS Roma,Free transfer,in,Winter,0,780,Sam Allardyce,England,no,1,42.00%,1.53,0.28,0.264328373,0,0.285916667
1173,1173,Netherlands,michael reiziger,Bolton Wanderers,2004,Centre-Forward,Leeds,Free transfer,in,Summer,0,1364,Sam Allardyce,England,no,1,42.00%,1.53,0.28,0.264328373,0.2,0.277614683
1174,1174,Spain,fernando hierro,Bolton Wanderers,2004,Centre-Back,Al-Rayyan SC,Free transfer,in,Summer,0,1424,Sam Allardyce,England,no,1,42.00%,1.53,0.28,0.264328373,0.2,0.277614683
1175,1175,Israel,tal ben haim,Bolton Wanderers,2004,Centre-Back,M. Tel Aviv,£203Th.,in,Summer,0.203,1751,Sam Allardyce,England,no,1,42.00%,1.53,0.28,0.264328373,0.2,0.277614683
1176,1176,Tunisia,radhi jaidi,Bolton Wanderers,2004,Centre-Back,Esperance,Free transfer,in,Summer,0,1837,Sam Allardyce,England,no,1,42.00%,1.53,0.28,0.264328373,0.2,0.277614683
1177,1177,Senegal,el hadji diouf,Bolton Wanderers,2004,Centre-Forward,Liverpool,Loan,in,Summer,0,2052,Sam Allardyce,England,no,1,42.00%,1.53,0.28,0.264328373,0.2,0.277614683
1178,1178,Wales,gary speed,Bolton Wanderers,2004,Left Midfield,Newcastle,£1.01m,in,Summer,1.01,3340,Sam Allardyce,England,no,1,42.00%,1.53,0.28,0.264328373,0.2,0.277614683
1179,1179,England,andy oakes,Bolton Wanderers,2004,Goalkeeper,Derby,Loan,in,Summer,0,90,Sam Allardyce,England,yes,1,42.00%,1.53,0.28,0.264328373,0.2,0.277614683
1180,1180,England,les ferdinand,Bolton Wanderers,2004,Centre-Forward,Leicester,Free transfer,in,Summer,0,258,Sam Allardyce,England,yes,1,42.00%,1.53,0.28,0.264328373,0.2,0.277614683
1181,1181,Spain,javi moreno,Bolton Wanderers,2003,Centre-Forward,Atlético Madrid,Loan,in,Winter,0,226,Sam Allardyce,England,no,1,37.00%,1.39,0.28,0.264328373,0.75,0.386
1182,1182,France,ibrahim ba,Bolton Wanderers,2003,Right Midfield,Milan,Free transfer,in,Summer,0,245,Sam Allardyce,England,no,1,37.00%,1.39,0.28,0.264328373,0.285714286,0.325541667
1183,1183,France,florent laville,Bolton Wanderers,2003,Centre-Back,Olympique Lyon,£675Th.,in,Summer,0.675,388,Sam Allardyce,England,no,1,37.00%,1.39,0.28,0.264328373,0.285714286,0.325541667
1184,1184,Greece,stelios giannakopoulos,Bolton Wanderers,2003,Right Winger,Olympiacos,Free transfer,in,Summer,0,1564,Sam Allardyce,England,no,1,37.00%,1.39,0.28,0.264328373,0.285714286,0.325541667
1185,1185,Brazil,emerson thome,Bolton Wanderers,2003,Centre-Back,Sunderland,Free transfer,in,Summer,0,2259,Sam Allardyce,England,no,1,37.00%,1.39,0.28,0.264328373,0.285714286,0.325541667
1186,1186,Spain,ivan campo,Bolton Wanderers,2003,Defensive Midfield,Real Madrid,Free transfer,in,Summer,0,3204,Sam Allardyce,England,no,1,37.00%,1.39,0.28,0.264328373,0.285714286,0.325541667
1187,1187,England,glen little,Bolton Wanderers,2003,Right Winger,Burnley,Loan,in,Summer,0,29,Sam Allardyce,England,yes,1,37.00%,1.39,0.28,0.264328373,0.285714286,0.325541667
1188,1188,England,jon otsemobor,Bolton Wanderers,2003,Right-Back,Liverpool,Loan,in,Winter,0,367,Sam Allardyce,England,yes,1,37.00%,1.39,0.28,0.264328373,0.75,0.386
1189,1189,England,kevin davies,Bolton Wanderers,2003,Centre-Forward,Southampton,Free transfer,in,Summer,0,3307,Sam Allardyce,England,yes,1,37.00%,1.39,0.28,0.264328373,0.285714286,0.325541667
1190,1190,England,rohan ricketts,Bolton Wanderers,2003,Goalkeeper,Village United,Free transfer,in,Winter,0,1152,Sam Allardyce,England,yes,1,37.00%,1.39,0.28,0.264328373,0.75,0.386
1191,1191,England,steve howey,Bolton Wanderers,2003,Centre-Back,Leicester,Free transfer,in,Winter,0,1188,Sam Allardyce,England,yes,1,37.00%,1.39,0.28,0.264328373,0.75,0.386
1192,1192,Turkey,bulent akin,Bolton Wanderers,2002,Defensive Midfield,Galatasaray,Free transfer,in,Summer,0,5,Sam Allardyce,England,no,1,26.00%,1.16,0.28,0.264328373,0.285714286,0.30546627
1193,1193,Spain,salva ballesta,Bolton Wanderers,2002,Centre-Forward,Valencia,Loan,in,Winter,0,131,Sam Allardyce,England,no,1,26.00%,1.16,0.28,0.264328373,0,0.397678571
1194,1194,France,pierre yves andre,Bolton Wanderers,2002,Centre-Forward,FC Nantes,Loan,in,Winter,0,180,Sam Allardyce,England,no,1,26.00%,1.16,0.28,0.264328373,0,0.397678571
1195,1195,Greenland,delroy facey,Bolton Wanderers,2002,Centre-Forward,Huddersfield,Free transfer,in,Summer,0,186,Sam Allardyce,England,no,1,26.00%,1.16,0.28,0.264328373,0.285714286,0.30546627
1196,1196,France,bernard mendy,Bolton Wanderers,2002,Right-Back,Paris SG,?,in,Summer,,1629,Sam Allardyce,England,no,1,26.00%,1.16,0.28,0.264328373,0.285714286,0.30546627
1197,1197,Nigeria,jay jay okocha,Bolton Wanderers,2002,Attacking Midfield,Paris SG,Free transfer,in,Summer,0,2353,Sam Allardyce,England,no,1,26.00%,1.16,0.28,0.264328373,0.285714286,0.30546627
1198,1198,Spain,ivan campo,Bolton Wanderers,2002,Defensive Midfield,Real Madrid,Loan,in,Summer,0,2600,Sam Allardyce,England,no,1,26.00%,1.16,0.28,0.264328373,0.285714286,0.30546627
1199,1199,England,chris marsden,Bolton Wanderers,2002,Centre-Forward,Without Club,-,in,Summer,0,2637,Sam Allardyce,England,yes,1,26.00%,1.16,0.28,0.264328373,0.285714286,0.30546627
1200,1200,England,dean holdsworth,Bolton Wanderers,2002,Defender,Birmingham,Free transfer,in,Summer,0,374,Sam Allardyce,England,yes,1,26.00%,1.16,0.28,0.264328373,0.285714286,0.30546627
1201,1201,Greece,kostas konstantinidis,Bolton Wanderers,2001,Centre-Back,Hertha BSC,Loan,in,Winter,0,178,Sam Allardyce,England,no,1,24.00%,1.05,0.28,0.264328373,0,0.3325
1202,1202,Jamaica,jermaine johnson,Bolton Wanderers,2001,Right Winger,Tivoli Gardens FC,Free transfer,in,Summer,0,425,Sam Allardyce,England,no,1,24.00%,1.05,0.28,0.264328373,0.428571429,0.346494048
1203,1203,France,djibril diawara,Bolton Wanderers,2001,Centre-Back,Torino,Loan,in,Summer,0,473,Sam Allardyce,England,no,1,24.00%,1.05,0.28,0.264328373,0.428571429,0.346494048
1204,1204,Denmark,stig tofting,Bolton Wanderers,2001,Defensive Midfield,Hamburger SV,£180Th.,in,Winter,0.18,475,Sam Allardyce,England,no,1,24.00%,1.05,0.28,0.264328373,0,0.3325
1205,1205,Denmark,henrik pedersen,Bolton Wanderers,2001,Centre-Forward,Silkeborg IF,£810Th.,in,Summer,0.81,494,Sam Allardyce,England,no,1,24.00%,1.05,0.28,0.264328373,0.428571429,0.346494048
1206,1206,France,youri djorkaeff,Bolton Wanderers,2001,Attacking Midfield,1.FC K'lautern,£450Th.,in,Winter,0.45,982,Sam Allardyce,England,no,1,24.00%,1.05,0.28,0.264328373,0,0.3325
1207,1207,Germany,fredi bobic,Bolton Wanderers,2001,Centre-Forward,Bor. Dortmund,Loan fee:£450Th.,in,Winter,0.45,1077,Sam Allardyce,England,no,1,24.00%,1.05,0.28,0.264328373,0,0.3325
1208,1208,France,\bruno ngotty,Bolton Wanderers,2001,Centre-Back,Marseille,£675Th.,in,Summer,0.675,1189,Sam Allardyce,England,no,1,24.00%,1.05,0.28,0.264328373,0.428571429,0.346494048
1209,1209,England,kevin poole,Bolton Wanderers,2001,Goalkeeper,Birmingham,Free transfer,in,Summer,0,270,Sam Allardyce,England,yes,1,24.00%,1.05,0.28,0.264328373,0.428571429,0.346494048
1210,1210,England,nicky southall,Bolton Wanderers,2001,Right Midfield,Gillingham FC,Free transfer,in,Summer,0,1009,Sam Allardyce,England,yes,1,24.00%,1.05,0.28,0.264328373,0.428571429,0.346494048
1211,1211,England,rod wallace,Bolton Wanderers,2001,Right Winger,Rangers,Free transfer,in,Summer,0,1228,Sam Allardyce,England,yes,1,24.00%,1.05,0.28,0.264328373,0.428571429,0.346494048
2170,2170,Senegal,kader mangane,Sunderland AFC,2012,Centre-Back,Hilal,Loan,in,Winter,0,20,Martin O'Neill,Northern Ireland,no,1,23.00%,1,0.04,0.018200371,0,0.025633333
2171,2171,Scottland,james mcfadden,Sunderland AFC,2012,Second Striker,Without Club,-,in,Summer,0,38,Martin O'Neill,Northern Ireland,no,1,23.00%,1,0.04,0.018200371,0,0.016807648
2172,2172,Scottland,james mcfadden,Sunderland AFC,2012,Second Striker,Without Club,-,in,Winter,0,38,Martin O'Neill,Northern Ireland,no,1,23.00%,1,0.04,0.018200371,0,0.025633333
2173,2173,France,louis saha,Sunderland AFC,2012,Centre-Forward,Spurs,Free transfer,in,Summer,0,196,Martin O'Neill,Northern Ireland,no,1,23.00%,1,0.04,0.018200371,0,0.016807648
2174,2174,England,danny graham,Sunderland AFC,2012,Centre-Forward,Swansea,£5.22m,in,Winter,5.22,902,Martin O'Neill,Northern Ireland,no,1,23.00%,1,0.04,0.018200371,0,0.025633333
2175,2175,England,danny graham,Sunderland AFC,2012,Centre-Forward,Swansea,£5.22m,in,Winter,5.22,951,Martin O'Neill,Northern Ireland,no,1,23.00%,1,0.04,0.018200371,0,0.025633333
2176,2176,Senegal,\alfred ndiaye,Sunderland AFC,2012,Defensive Midfield,Bursaspor,£4.23m,in,Winter,4.23,1295,Martin O'Neill,Northern Ireland,no,1,23.00%,1,0.04,0.018200371,0,0.025633333
2177,2177,England,danny rose,Sunderland AFC,2012,Left-Back,Spurs,Loan,in,Summer,0,2214,Martin O'Neill,Northern Ireland,no,1,23.00%,1,0.04,0.018200371,0,0.016807648
2178,2178,Spain,carlos cuellar,Sunderland AFC,2012,Centre-Back,Aston Villa,Free transfer,in,Summer,0,2256,Martin O'Neill,Northern Ireland,no,1,23.00%,1,0.04,0.018200371,0,0.016807648
2179,2179,Scottland,steven fletcher,Sunderland AFC,2012,Centre-Forward,Wolves,£13.68m,in,Summer,13.68,2366,Martin O'Neill,Northern Ireland,no,1,23.00%,1,0.04,0.018200371,0,0.016807648
2180,2180,England,adam johnson,Sunderland AFC,2012,Right Winger,Man City,£11.34m,in,Summer,11.34,2924,Martin O'Neill,Northern Ireland,no,1,23.00%,1,0.04,0.018200371,0,0.016807648
2181,2181,Denmark,nicklas bendtner,Sunderland AFC,2011,Centre-Forward,Arsenal,Loan fee:£900Th.,in,Summer,0.9,11,Martin O'Neill,Northern Ireland,no,1,36.00%,1.36,0.04,0.018200371,0,0.007844733
2182,2182,Greece,sotirios kyrgiakos,Sunderland AFC,2011,Centre-Back,VfL Wolfsburg,Loan,in,Winter,0,190,Martin O'Neill,Northern Ireland,no,1,36.00%,1.36,0.04,0.018200371,0,0
2183,2183,Cameroon,sebastien bassong,Sunderland AFC,2011,Central Midfield,Birmingham,Free transfer,in,Summer,0,228,Martin O'Neill,Northern Ireland,no,1,36.00%,1.36,0.04,0.018200371,0,0.007844733
2184,2184,England,wayne bridge,Sunderland AFC,2011,Left-Back,Man City,Loan,in,Winter,0,320,Martin O'Neill,Northern Ireland,no,1,36.00%,1.36,0.04,0.018200371,0,0
2185,2185,Korea,ji dong won,Sunderland AFC,2011,Centre-Forward,Chunnam Dragons,£2.16m,in,Summer,2.16,453,Martin O'Neill,Northern Ireland,no,1,36.00%,1.36,0.04,0.018200371,0,0.007844733
2186,2186,England,connor wickham,Sunderland AFC,2011,Centre-Forward,Ipswich,£8.10m,in,Summer,8.1,532,Martin O'Neill,Northern Ireland,no,1,36.00%,1.36,0.04,0.018200371,0,0.007844733
2187,2187,Cameroon,sebastien bassong,Sunderland AFC,2011,Central Midfield,Birmingham,Free transfer,in,Summer,0,682,Martin O'Neill,Northern Ireland,no,1,36.00%,1.36,0.04,0.018200371,0,0.007844733
2188,2188,Ireland,keiren westwood,Sunderland AFC,2011,Goalkeeper,Coventry,Free transfer,in,Summer,0,759,Martin O'Neill,Northern Ireland,no,1,36.00%,1.36,0.04,0.018200371,0,0.007844733
2189,2189,Egypt,ahmed elmohamady,Sunderland AFC,2011,Right-Back,Enppi SC,£2.25m,in,Summer,2.25,785,Martin O'Neill,Northern Ireland,no,1,36.00%,1.36,0.04,0.018200371,0,0.007844733
2190,2190,Wales,david vaughan,Sunderland AFC,2011,Defensive Midfield,Blackpool,Free transfer,in,Summer,0,1481,Martin O'Neill,Northern Ireland,no,1,36.00%,1.36,0.04,0.018200371,0,0.007844733
2191,2191,England,wes brown,Sunderland AFC,2011,Centre-Back,Man Utd,£1.35m,in,Summer,1.35,1735,Martin O'Neill,Northern Ireland,no,1,36.00%,1.36,0.04,0.018200371,0,0.007844733
2192,2192,Ireland,james mcclean,Sunderland AFC,2011,Left Midfield,Derry City,£675Th.,in,Summer,0.675,1845,Martin O'Neill,Northern Ireland,no,1,36.00%,1.36,0.04,0.018200371,0,0.007844733
2193,2193,England,craig gardner,Sunderland AFC,2011,Central Midfield,Birmingham,£5.94m,in,Summer,5.94,2119,Martin O'Neill,Northern Ireland,no,1,36.00%,1.36,0.04,0.018200371,0,0.007844733
2194,2194,Denmark,nicklas bendtner,Sunderland AFC,2011,Centre-Forward,Arsenal,Loan fee:£900Th.,in,Summer,0.9,2225,Martin O'Neill,Northern Ireland,no,1,36.00%,1.36,0.04,0.018200371,0,0.007844733
2195,2195,Ireland,\john oshea,Sunderland AFC,2011,Centre-Back,Man Utd,£4.05m,in,Summer,4.05,2435,Martin O'Neill,Northern Ireland,no,1,36.00%,1.36,0.04,0.018200371,0,0.007844733
2196,2196,England,stephen warnock,Aston Villa,2009,Left-Back,Blackburn,£8.10m,in,Summer,8.1,90,Martin O'Neill,Northern Ireland,no,1,45.00%,1.68,0.04,0.018200371,0,0.008571501
2197,2197,Wales,james collins,Aston Villa,2009,Centre-Back,West Ham,£5.13m,in,Summer,5.13,270,Martin O'Neill,Northern Ireland,no,1,45.00%,1.68,0.04,0.018200371,0,0.008571501
2198,2198,England,fabian delph,Aston Villa,2009,Central Midfield,Leeds,£8.55m,in,Summer,8.55,291,Martin O'Neill,Northern Ireland,no,1,45.00%,1.68,0.04,0.018200371,0,0.008571501
2199,2199,Senegal,habib beye,Aston Villa,2009,Right-Back,Newcastle,£2.61m,in,Summer,2.61,442,Martin O'Neill,Northern Ireland,no,1,45.00%,1.68,0.04,0.018200371,0,0.008571501
2200,2200,England,stewart downing,Aston Villa,2009,Left Midfield,Middlesbrough,£11.70m,in,Summer,11.7,2070,Martin O'Neill,Northern Ireland,no,1,45.00%,1.68,0.04,0.018200371,0,0.008571501
2201,2201,Russia,andrey arshavin,Aston Villa,2009,Goalkeeper,Coventry,Free transfer,in,Summer,0,2255,Martin O'Neill,Northern Ireland,no,1,45.00%,1.68,0.04,0.018200371,0,0.008571501
2202,2202,Ireland,richard dunne,Aston Villa,2009,Centre-Back,Man City,£6.12m,in,Summer,6.12,3131,Martin O'Neill,Northern Ireland,no,1,45.00%,1.68,0.04,0.018200371,0,0.008571501
2203,2203,United States,brad guzan,Aston Villa,2008,Goalkeeper,Chivas USA,£900Th.,in,Summer,0.9,26,Martin O'Neill,Northern Ireland,no,1,45.00%,1.63,0.04,0.018200371,0,0.013601876
2204,2204,England,james milner,Aston Villa,2008,Central Midfield,Newcastle,£13.50m,in,Summer,13.5,180,Martin O'Neill,Northern Ireland,no,1,45.00%,1.63,0.04,0.018200371,0,0.013601876
2205,2205,England,emile heskey,Aston Villa,2008,Centre-Forward,Wigan,£3.33m,in,Winter,3.33,917,Martin O'Neill,Northern Ireland,no,1,45.00%,1.63,0.04,0.018200371,0,0
2206,2206,England,steve sidwell,Aston Villa,2008,Central Midfield,Chelsea,£5.67m,in,Summer,5.67,1014,Martin O'Neill,Northern Ireland,no,1,45.00%,1.63,0.04,0.018200371,0,0.013601876
2207,2207,England,nicky shorey,Aston Villa,2008,Left-Back,Reading,£3.96m,in,Summer,3.96,1583,Martin O'Neill,Northern Ireland,no,1,45.00%,1.63,0.04,0.018200371,0,0.013601876
2208,2208,Spain,carlos cuellar,Aston Villa,2008,Centre-Back,Rangers,£9.00m,in,Summer,9,2133,Martin O'Neill,Northern Ireland,no,1,45.00%,1.63,0.04,0.018200371,0,0.013601876
2209,2209,England,luke young,Aston Villa,2008,Right-Back,Middlesbrough,£2.70m,in,Summer,2.7,2861,Martin O'Neill,Northern Ireland,no,1,45.00%,1.63,0.04,0.018200371,0,0.013601876
2210,2210,England,curtis davies,Aston Villa,2008,Centre-Back,West Brom,£9.00m,in,Summer,9,2962,Martin O'Neill,Northern Ireland,no,1,45.00%,1.63,0.04,0.018200371,0,0.013601876
2211,2211,United States,brad friedel,Aston Villa,2008,Goalkeeper,Blackburn,£2.25m,in,Summer,2.25,3394,Martin O'Neill,Northern Ireland,no,1,45.00%,1.63,0.04,0.018200371,0,0.013601876
2212,2212,England,wayne routledge,Aston Villa,2007,Left Winger,Spurs,£1.53m,in,Winter,1.53,5,Martin O'Neill,Northern Ireland,no,1,42.00%,1.58,0.04,0.018200371,0,0.03562619
2213,2213,Togo,moustapha salifou,Aston Villa,2007,Attacking Midfield,FC Wil 1900,£450Th.,in,Summer,0.45,46,Martin O'Neill,Northern Ireland,no,1,42.00%,1.58,0.04,0.018200371,0,0.025326479
2214,2214,England,wayne routledge,Aston Villa,2007,Left Winger,Spurs,£1.53m,in,Winter,1.53,94,Martin O'Neill,Northern Ireland,no,1,42.00%,1.58,0.04,0.018200371,0,0.03562619
2215,2215,England,marlon harewood,Aston Villa,2007,Centre-Forward,West Ham,£4.95m,in,Summer,4.95,521,Martin O'Neill,Northern Ireland,no,1,42.00%,1.58,0.04,0.018200371,0,0.025326479
2216,2216,England,curtis davies,Aston Villa,2007,Centre-Back,West Brom,Loan,in,Summer,0,813,Martin O'Neill,Northern Ireland,no,1,42.00%,1.58,0.04,0.018200371,0,0.025326479
2217,2217,England,zat knight,Aston Villa,2007,Centre-Back,Fulham,£4.23m,in,Summer,4.23,2191,Martin O'Neill,Northern Ireland,no,1,42.00%,1.58,0.04,0.018200371,0,0.025326479
2218,2218,England,nigel reo coker,Aston Villa,2007,Defensive Midfield,West Ham,£11.25m,in,Summer,11.25,3103,Martin O'Neill,Northern Ireland,no,1,42.00%,1.58,0.04,0.018200371,0,0.025326479
2219,2219,England,scott carson,Aston Villa,2007,Goalkeeper,Liverpool,Loan,in,Summer,0,3126,Martin O'Neill,Northern Ireland,no,1,42.00%,1.58,0.04,0.018200371,0,0.025326479
2220,2220,England,matthew upson,Leicester City,1999,Goalkeeper,Unknown,?,in,Summer,,449,Martin O'Neill,Northern Ireland,no,1,42.00%,1.45,0.04,0.018200371,0,0.014022475
2221,2221,England,stan collymore,Leicester City,1999,Centre-Forward,Aston Villa,Free transfer,in,Winter,0,473,Martin O'Neill,Northern Ireland,no,1,42.00%,1.45,0.04,0.018200371,0,0.018
2222,2222,England,darren eadie,Leicester City,1999,Left Midfield,Norwich,£4.05m,in,Winter,4.05,1278,Martin O'Neill,Northern Ireland,no,1,42.00%,1.45,0.04,0.018200371,0,0.018
2223,2223,England,tim flowers,Leicester City,1999,Goalkeeper,Blackburn,£1.62m,in,Summer,1.62,2447,Martin O'Neill,Northern Ireland,no,1,42.00%,1.45,0.04,0.018200371,0,0.014022475
2224,2224,,carl cort,Leicester City,1999,Right-Back,Unknown,?,in,Summer,,2869,Martin O'Neill,Northern Ireland,no,1,42.00%,1.45,0.04,0.018200371,0,0.014022475
2225,2225,Iceland,arnar gunnlaugsson,Leicester City,1998,Right Winger,Bolton,£2.52m,in,Winter,2.52,403,Martin O'Neill,Northern Ireland,no,1,32.00%,1.29,0.04,0.018200371,0,0.0435
2226,2226,England,andy impey,Leicester City,1998,Defensive Midfield,West Ham,£2.79m,in,Winter,2.79,2074,Martin O'Neill,Northern Ireland,no,1,32.00%,1.29,0.04,0.018200371,0,0.0435
2227,2227,Jamaica,frank sinclair,Leicester City,1998,Centre-Back,Chelsea,£2.70m,in,Summer,2.7,2685,Martin O'Neill,Northern Ireland,no,1,32.00%,1.29,0.04,0.018200371,0.5,0.029533225
2228,2228,Northern Ireland,gerry taggart,Leicester City,1998,Centre-Back,Bolton,Free transfer,in,Summer,0,823,Martin O'Neill,Northern Ireland,yes,1,32.00%,1.29,0.04,0.018200371,0.5,0.029533225
2229,2229,France,pegguy arphexad,Leicester City,1997,Goalkeeper,LOSC Lille,?,in,Summer,,540,Martin O'Neill,Northern Ireland,no,1,34.00%,1.39,0.04,0.018200371,0,0.016337734
2230,2230,England,tony cottee,Leicester City,1997,Centre-Forward,FA Selangor,£675Th.,in,Summer,0.675,714,Martin O'Neill,Northern Ireland,no,1,34.00%,1.39,0.04,0.018200371,0,0.016337734
2231,2231,Greece,theodoros zagorakis,Leicester City,1997,Central Midfield,PAOK Salonika,£1.08m,in,Summer,1.08,997,Martin O'Neill,Northern Ireland,no,1,34.00%,1.39,0.04,0.018200371,0,0.016337734
2232,2232,Ireland,ian harte,Leicester City,1997,Goalkeeper,Bournemouth,Free transfer,in,Summer,0,1059,Martin O'Neill,Northern Ireland,no,1,34.00%,1.39,0.04,0.018200371,0,0.016337734
2233,2233,Wales,robbie savage,Leicester City,1997,Central Midfield,Crewe Alexandra,£540Th.,in,Summer,0.54,2577,Martin O'Neill,Northern Ireland,no,1,34.00%,1.39,0.04,0.018200371,0,0.016337734
3291,3291,Morocco,hassan kachloul,Aston Villa,2001,Left Midfield,Southampton,Free transfer,in,Summer,0,1321,John Gregory,England,no,1,32.00%,1.24,0.49,0.29667082,0,0.341491126
3292,3292,Morocco,mustapha hadji,Aston Villa,2001,Attacking Midfield,Coventry,£3.60m,in,Summer,3.6,1559,John Gregory,England,no,1,32.00%,1.24,0.49,0.29667082,0,0.341491126
3293,3293,Denmark,peter schmeichel,Aston Villa,2001,Goalkeeper,Sporting CP,Free transfer,in,Summer,0,2610,John Gregory,England,no,1,32.00%,1.24,0.49,0.29667082,0,0.341491126
3294,3294,Sweden,olof mellberg,Aston Villa,2001,Centre-Back,Racing,£6.12m,in,Summer,6.12,2835,John Gregory,England,no,1,32.00%,1.24,0.49,0.29667082,0,0.341491126
3295,3295,England,peter crouch,Aston Villa,2001,Centre-Forward,Portsmouth,£6.75m,in,Winter,6.75,587,John Gregory,England,yes,1,32.00%,1.24,0.49,0.29667082,1,0.346833333
3296,3296,Belgium,luc nilis,Aston Villa,2000,Centre-Forward,PSV Eindhoven,?,in,Summer,,167,John Gregory,England,no,1,34.00%,1.42,0.49,0.29667082,0,0.1838636
3297,3297,Belgium,gilles de bilde,Aston Villa,2000,Centre-Forward,Sheff Wed,Loan,in,Winter,0,303,John Gregory,England,no,1,34.00%,1.42,0.49,0.29667082,0,0.251766667
3298,3298,Columbia,juan pablo angel,Aston Villa,2000,Centre-Forward,River Plate,£12.96m,in,Winter,12.96,516,John Gregory,England,no,1,34.00%,1.42,0.49,0.29667082,0,0.251766667
3299,3299,Ireland,steve staunton,Aston Villa,2000,Left-Back,Liverpool,Free transfer,in,Winter,0,1113,John Gregory,England,no,1,34.00%,1.42,0.49,0.29667082,0,0.251766667
3300,3300,France,david ginola,Aston Villa,2000,Left Winger,Spurs,?,in,Summer,,1298,John Gregory,England,no,1,34.00%,1.42,0.49,0.29667082,0,0.1838636
3301,3301,Turkey,alpay ozalan,Aston Villa,2000,Centre-Back,Fenerbahce,£8.10m,in,Summer,8.1,2855,John Gregory,England,no,1,34.00%,1.42,0.49,0.29667082,0,0.1838636
3302,3302,Israel,najwan ghrayib,Aston Villa,1999,Left-Back,Hapoel Haifa,£900Th.,in,Summer,0.9,175,John Gregory,England,no,1,39.00%,1.53,0.49,0.29667082,0.25,0.326779257
3303,3303,Italy,benito carbone,Aston Villa,1999,Second Striker,Sheff Wed,?,in,Summer,,2194,John Gregory,England,no,1,39.00%,1.53,0.49,0.29667082,0.25,0.326779257
3304,3304,Netherlands,george boateng,Aston Villa,1999,Defensive Midfield,Coventry,£5.58m,in,Summer,5.58,2488,John Gregory,England,no,1,39.00%,1.53,0.49,0.29667082,0.25,0.326779257
3305,3305,England,david james,Aston Villa,1999,Goalkeeper,Liverpool,£2.16m,in,Summer,2.16,2565,John Gregory,England,yes,1,39.00%,1.53,0.49,0.29667082,0.25,0.326779257
3306,3306,England,neil cutler,Aston Villa,1999,Goalkeeper,Chester City,Free transfer,in,Winter,0,6,John Gregory,England,yes,1,39.00%,1.53,0.49,0.29667082,1,0.232261905
3307,3307,Wales,mark delaney,Aston Villa,1998,Right-Back,Cardiff,£338Th.,in,Winter,0.338,25,John Gregory,England,no,1,39.00%,1.45,0.49,0.29667082,0.666666667,0.30559816
3308,3308,Scottland,colin calderwood,Aston Villa,1998,Centre-Back,Spurs,£297Th.,in,Winter,0.297,1640,John Gregory,England,no,1,39.00%,1.45,0.49,0.29667082,0.666666667,0.30559816
3309,3309,England,alan thompson,Aston Villa,1998,Left Midfield,Bolton,£6.48m,in,Summer,6.48,1764,John Gregory,England,yes,1,39.00%,1.45,0.49,0.29667082,1,0.384772511
3310,3310,England,david unsworth,Aston Villa,1998,Left-Back,West Ham,£4.14m,in,Summer,4.14,2971,John Gregory,England,yes,1,39.00%,1.45,0.49,0.29667082,1,0.384772511
3311,3311,England,dion dublin,Aston Villa,1998,Centre-Forward,Coventry,£7.74m,in,Winter,7.74,2013,John Gregory,England,yes,1,39.00%,1.45,0.49,0.29667082,0.666666667,0.30559816
3312,3312,England,paul merson,Aston Villa,1998,Right Midfield,Middlesbrough,£5.40m,in,Winter,5.4,270,John Gregory,England,yes,1,39.00%,1.45,0.49,0.29667082,0.666666667,0.30559816
3313,3313,England,steve stone,Aston Villa,1998,Right Midfield,Nottm Forest,£7.20m,in,Winter,7.2,814,John Gregory,England,yes,1,39.00%,1.45,0.49,0.29667082,0.666666667,0.30559816
3314,3314,England,steve watson,Aston Villa,1998,Right Midfield,Newcastle,£5.40m,in,Winter,5.4,2792,John Gregory,England,yes,1,39.00%,1.45,0.49,0.29667082,0.666666667,0.30559816